"69721","US-36, Brookfield                              , MO, ","No_Match"
"69963","US-177, Red Rock, OK, ","No_Match"
"70710","US-72 & SR-15, Walnut, MS, ","No_Match"
"70952","I-540 EXIT 4A, Raleigh, NC, ","No_Match"
"69720","US-27 & SR-80, South Bay, FL, ","No_Match"
"69962","US-59 & CR-819, Lufkin, TX, ","No_Match"
"70951","SR-7, Leesburg, VA, ","No_Match"
"70954","SR-50/US-70, Garner, NC, ","No_Match"
"70711","FM-1472, Laredo, TX, ","No_Match"
"70953","I-95, EXIT 126, US-1, Fredericksburg, VA, ","No_Match"
"69723","I-90 & US-20, Hampshire, IL, ","No_Match"
"70950","I-40 EXIT 203, Kernersville, NC, ","No_Match"
"69964","I-77 & US-70, Exit 49A, Statesville, NC, ","No_Match"
"69729","US-63 & HWY E, Queen City, MO, ","Tie"
"69727","SR-6/13, Gallatin, MO, ","No_Match"
"69969","SR-47, Newfield, NJ, ","No_Match"
"70707","I-85/SR-403, EXIT 2 & SR-18, West Point, GA, ","No_Match"
"70949","US-1 EXIT 95, Apex, NC, ","No_Match"
"70706","I-44/US-71, Joplin, MO, ","No_Match"
"70948","I-40 EXIT 211, Greensboro, NC, ","No_Match"
"70709","SR-19, Center, MO, ","No_Match"
"70708","I-96, EXIT 90, Grand Ledge, MI, ","No_Match"
"70945","US-17, Bealeton, VA, ","No_Match"
"70944","US-15 BUS & US-522, Culpeper, VA, ","No_Match"
"70705","SR-48 & CR-10, Morrisonville, IL, ","No_Match"
"70947","I-95, EXIT 130A, SR-3, Fredericksburg, VA, ","No_Match"
"70704","I-44, EXIT 6 & SR-86, Joplin, MO, ","No_Match"
"70946","US-29 & SR-616, Ruckersville, VA, ","No_Match"
"69732","US-65, Sedalia                                 , MO, ","No_Match"
"69974","US-77BUS & FM-1945, Sinton, TX, ","No_Match"
"70963","US-70, EXIT 333, Selma, NC, ","No_Match"
"69731","I-49, EXIT 102A, Nevada                                  , MO, ","No_Match"
"70720","SR-23, Sauk Rapids, MN, ","No_Match"
"70962","I-295, EXIT 37A, US-360, Warsaw, VA, ","No_Match"
"70723","I-99 EXIT 8 & SR-417, Painted Post, NY, ","No_Match"
"70965","US-401, Raleigh, NC, ","No_Match"
"70722","I-90 EXIT 35 & SR-298, Syracuse, NY, ","No_Match"
"70964","I-95, EXIT 130A, SR-3, King George, VA, ","No_Match"
"69978","US-271, Paris, TX, ","No_Match"
"69977","US-12, Baraboo, WI, ","No_Match"
"70961","I-140, EXIT 14, Wilmington, NC, ","Tie"
"69975","US-50, South Hutchinson, KS, ","No_Match"
"70960","I-81, EXIT 222, US-250, Staunton, VA, ","No_Match"
"69979","I-82/US-12, EXIT 80, Prosser, WA, ","No_Match"
"70718","I-40, EXIT 216 & US-49, Brinkley, AR, ","No_Match"
"70717","I-270 EXIT 52, Columbus, OH, ","No_Match"
"70959","US-117, Wilmington, NC, ","No_Match"
"70719","I-70, EXIT 183, Jonesburg, MO, ","No_Match"
"70714","US-89, Page, AZ, ","No_Match"
"70956","SR-133, Wilmington, NC, ","No_Match"
"70955","I-95, EXIT 136, US-1, Fredericksburg, VA, ","No_Match"
"70958","SR-3, Fredericksburg, VA, ","No_Match"
"70957","I-95, EXIT 126A, US-1, Fredericksburg, VA, ","No_Match"
"69743","US-81, Belleville, KS, ","No_Match"
"70732","I-15 EXIT 303, Salt Lake City, UT, ","No_Match"
"70974","US-60, Richmond, VA, ","No_Match"
"69742","US-412/64, Enid, OK, ","No_Match"
"70731","IL-38 E, Rochelle, IL, ","No_Match"
"70973","US HWY 29/70, High Point, NC, ","No_Match"
"69741","I-10, EXIT 133B, Tolleson, AZ, ","No_Match"
"69983","US-250, Strasburg, OH, ","No_Match"
"70976","I-40 EXIT 203, Kernersville, NC, ","No_Match"
"69740","I-81, EXIT 24 & SR-80, Meadowview, VA, ","No_Match"
"70733","US-63, Macon, MO, ","No_Match"
"70975","I-95, EXIT 64 & SR-613, Richmond, VA, ","No_Match"
"69747","I-69 & YS HWY 30, Fort Wayne, IN, ","No_Match"
"69989","US-45A, West Point, MS, ","No_Match"
"70970","US-60 & SR-603, Powhatan, VA, ","No_Match"
"69988","I-43, EXIT 120 & CR-OK, Sheboygan, WI, ","No_Match"
"69745","I-40/US-54, EXIT 277 & US-84, Santa Rosa, NM, ","No_Match"
"69987","I-90, EXIT 495 & SR-47   , Hardin, MT, ","No_Match"
"70730","US-81, Yankton, SD, ","No_Match"
"69744","US-54 & US-83, Liberal, KS, ","No_Match"
"69986","US-180 & SR-137, Lamesa, TX, ","No_Match"
"70971","I-64, EXIT 173 & SR-623, Rockville, VA, ","No_Match"
"69748","SR-930 E, Fort Wayne                              , IN, ","No_Match"
"70729","US-14, Fort Pierre, SD, ","No_Match"
"70728","US-81, Freeman, SD, ","No_Match"
"69981","US-82, Benjamin                                , TX, ","No_Match"
"70725","I-24 & US-41, EXIT 86, Oak Grove, KY, ","Tie"
"70967","I-95, Fayetteville, NC, ","No_Match"
"69980","SR-896 & SR-741, Strasburg, PA, ","No_Match"
"70724","I-95, EXIT108, Summerton, SC, ","No_Match"
"70966","SR-10 & SR-145, Chesterfield, VA, ","Tie"
"70727","US-75 & SR-23, Pipestone, MN, ","Tie"
"70969","I-40 EXIT 210, Greensboro, NC, ","No_Match"
"70726","US-36, Belleville, KS, ","No_Match"
"70968","I-95, EXIT 86A & SR-656, Ashland, VA, ","No_Match"
"69996","US-83 & SR-153, Winters, TX, ","No_Match"
"70501","SR-191 & US-349, Midland, TX, ","No_Match"
"70743","US-10 & SR-115, Randall, MN, ","No_Match"
"70985","I-40 EXIT 189, Winston Salem, NC, ","No_Match"
"69995","I-10, EXIT 273, Tucson, AZ, ","No_Match"
"70500","SR-289, Lubbock, TX, ","No_Match"
"70742","SR-14, Greene, IA, ","No_Match"
"70984","US-64 EXIT 470, Rocky Mount, NC, ","No_Match"
"70745",",, Mountain Lake, MN, ","No_Match"
"70987","US-250/33, Richmond, VA, ","Tie"
"69751","CR-37, Purdy, MO, ","No_Match"
"69993","US-290, Giddings, TX, ","No_Match"
"70744","I-80 EXIT 81, Utica, IL, ","No_Match"
"70986","US-1, Youngsville, NC, ","No_Match"
"69758","I-215 EXIT 21, Salt Lake City                          , UT, ","No_Match"
"69999","I-99, EXIT 28 & US-22, Duncansville, PA, ","No_Match"
"70980","I-64, EXIT 159 & SR-522, Gum Spring, VA, ","No_Match"
"69998","US-75, Hinton, IA, ","No_Match"
"70741","US-27, Geneva, IN, ","No_Match"
"70983","I-295, EXIT 22A & SR-5, Henrico, VA, ","No_Match"
"69755","I-526, EXIT 19, Charleston, SC, ","No_Match"
"70740","I-70, EXIT 82 & SR 128, Altamont, IL, ","No_Match"
"70982","I-64/33, EXIT 205 & SR-249, Quinton, VA, ","No_Match"
"70739","US-36/SR-5 & SR-11, Brookfield, MO, ","No_Match"
"69750","I-35, EXIT 183, New Braunfels, TX, ","No_Match"
"69992","SR-15 & CR-4, Saint Cloud, MN, ","No_Match"
"70736","I-35, EXIT 90 & SR-160, Ankeny, IA, ","No_Match"
"70978","I-40 EXIT 298A, Raleigh, NC, ","No_Match"
"69991","US-395, Gardnerville, NV, ","No_Match"
"70735","SR-267/SR-111, Brighton, IL, ","No_Match"
"70977","I-440 EXIT 13B, Raleigh, NC, ","No_Match"
"69990","US-50/93 & US-6, Ely, NV, ","No_Match"
"70738","I-49 EXIT 39A, Joplin, MO, ","No_Match"
"70737","I-80/US-6 EXIT 155 & SR-117, Colfax, IA, ","No_Match"
"70979","I-540 EXIT 3, Raleigh, NC, ","No_Match"
"69765","I-90/80 EB, Howe, IN, ","No_Match"
"70754","US-77, Douglass, KS, ","No_Match"
"70996","I-64 EXIT 136, Troy, VA, ","No_Match"
"69764","I-15 & SR-99, Fillmore, UT, ","No_Match"
"70753","I-44, EXIT 211, Drumright, OK, ","No_Match"
"70995","I-95 EXIT 61B, Chester, VA, ","No_Match"
"70756","US-40, Tonganoxie, KS, ","No_Match"
"70998","I-246 EXIT 6, Portsmouth, VA, ","No_Match"
"70755","US-56 & SR-51, Hugoton, KS, ","Tie"
"70997","SR-76, Midlothian, VA, ","No_Match"
"70750","I-35, EXIT 222, Blackwell, OK, ","No_Match"
"70992","I-64 EXIT 197B, Sandston, VA, ","No_Match"
"70991","I-64 EXIT 255, Newport News, VA, ","No_Match"
"70510","SR-6 & CR-454, De Leon, TX, ","Tie"
"70752","SR-7/SR-27, Russellville, AR, ","No_Match"
"70994","I-95 EXIT 73, Richmond, VA, ","No_Match"
"69766","I-75, EXIT 99 & SR-119, Anna, OH, ","No_Match"
"70751","I-43, EXIT 96, Saukville, WI, ","No_Match"
"70993","I-95 EXIT 89, Ashland, VA, ","No_Match"
"70990","I-664 EXIT 2, Hampton, VA, ","No_Match"
"70509","US-377 & US-183, Early, TX, ","No_Match"
"70508","I-294 EXIT 20, Schiller Park, IL, ","No_Match"
"70747","US-377/SR-99 & SR-9, Seminole, OK, ","No_Match"
"70989","I-264 EXIT 19B, Virginia Beach, VA, ","No_Match"
"70988","I-664 EXIT 3, Hampton, VA, ","No_Match"
"70507","SR-206 / US-283, Coleman, TX, ","No_Match"
"70749","US-160, Ulysses, KS, ","No_Match"
"70748","US-218, Vinton, IA, ","No_Match"
"70765","SR-36, Temple, TX, ","No_Match"
"70767","SR-72, Shannon, IL, ","No_Match"
"70761","US-61, EXIT 5, Kieler, WI, ","No_Match"
"70760","US-34 & SR-15, Seward, NE, ","No_Match"
"69772","I-410, EXIT 2 & FM-2536, San Antonio                             , TX, ","No_Match"
"70516","I-20, EXIT 217 & SR-139, Colorado City, TX, ","No_Match"
"70757","US-69, McAlester, OK, ","No_Match"
"69770","I-86, EXIT 23 & US-219, Limestone, NY, ","No_Match"
"70759","I-35, EXIT 40A & US-14, Janesville, MN, ","No_Match"
"69787","I-49, EXIT 158, Harrisonville, MO, ","No_Match"
"70776","US-36, Smith Center, KS, ","No_Match"
"69786","I-55, EXIT 63 & US-61, Blytheville, AR, ","No_Match"
"70775","US-56, Overbrook, KS, ","No_Match"
"69785","US-287 & SR-285, Quanah, TX, ","No_Match"
"70778","I-75 N, EXIT 69, Tipp City, OH, ","No_Match"
"70530","FM-511 & SR-48, Brownsville, TX, ","No_Match"
"70772","I-70, EXIT 52, Mulberry Grove, IL, ","No_Match"
"70771","US-14/CR-27, Sleepy Eye, MN, ","No_Match"
"69789","US-301 & SR-20, Hawthorne, FL, ","No_Match"
"70774","US-20, EXIT 71 & US-71, Early, IA, ","No_Match"
"69788","SR-370, EXIT 9 & SR-141, Bridgeton, MO, ","No_Match"
"70773","US-36, Seneca, KS, ","No_Match"
"70770","SR-92, Washington, IA, ","No_Match"
"69783","I-78 US-22, EXIT 13 & SR-501, Bethel, PA, ","No_Match"
"70527","I-65 EXIT 16 & US-31, Memphis, IN, ","No_Match"
"70769","US-169 & US-60, Nowata, OK, ","No_Match"
"70768","SR-29, South Pekin, IL, ","No_Match"
"69780","I-55, EXIT 269, Bolingbrook, IL, ","No_Match"
"69798","US-36 & US-283, Norton, KS, ","No_Match"
"70303","US-63, Waterloo, IA, ","No_Match"
"70545","SR-83, Denver City, TX, ","No_Match"
"70787","I-16, EXIT 143 & US-280, Ellabell, GA, ","No_Match"
"69797","US-10, Saint Cloud, MN, ","No_Match"
"70544","US-87, Odonnell, TX, ","No_Match"
"70786","I-37, EXIT 9, Corpus Christi, TX, ","No_Match"
"70305","I-40/US-270, El Reno, OK, ","No_Match"
"70547","SR-114, Bridgeport, TX, ","No_Match"
"70789","I-41 & US-41, EXIT 133, Neenah, WI, ","No_Match"
"70304","I-95, EXIT 109A & SR-202, Augusta, ME, ","No_Match"
"70546","US-287 & SR-70, Clarendon, TX, ","No_Match"
"70788","I-480 & I-271, EXIT 26, Bedford, OH, ","No_Match"
"70541","US-71 & SR-9, Spirit Lake, IA, ","No_Match"
"70783","I-95/SR-405, EXIT 109 & SR-21, Port Wentworth, GA, ","No_Match"
"70782","I-80, EXIT 285 & US-30, Gibbon, NE, ","No_Match"
"70301","I-80 & SR-535, Elko, NV, ","No_Match"
"70543","US-60, White Deer, TX, ","No_Match"
"70785","I-77, EXIT 5 & SR-48, Columbia, SC, ","No_Match"
"69799","I-40, EXIT 253, Winslow, AZ, ","No_Match"
"70300","I-10 & US-60, Phoenix, AZ, ","No_Match"
"70784","I-95, EXIT 41 & SR-59/CR2252, Hope Mills, NC, ","No_Match"
"69790","I-155/US-412 EXIT 13 & SR-78, Dyersburg, TN, ","No_Match"
"70779","I-80, EXIT 29 & I-880, EXIT 29A, Minden, IA, ","No_Match"
"69792","I-44, EXIT 72, Springfield, MO, ","No_Match"
"69791","US-287 & US-54, Stratford, TX, ","No_Match"
"69901","SR-42, Two Rivers, WI, ","No_Match"
"69900","I-70, EXIT 59 & SR-41, Springfield, OH, ","No_Match"
"69905","I-41, EXIT 157, De Pere, WI, ","No_Match"
"69904","US-54/400, Cunningham, KS, ","No_Match"
"69903","US-60 & US-385, Hereford, TX, ","No_Match"
"69902","I-182/US-12, EXIT 9, Pasco, WA, ","No_Match"
"69908","I-74, EXIT 51, Knoxville, IL, ","No_Match"
"69907","SR-358 & FM-665, Corpus Christi, TX, ","No_Match"
"69906","US-169 & SR-39, Chanute, KS, ","No_Match"
"69912","I-10, EXIT 140, Phoenix, AZ, ","No_Match"
"69915","I-49/US-71, EXIT 120 & CR-B, Rich Hill, MO, ","No_Match"
"69914","I-77, EXIT 5 & SR-48, Columbia, SC, ","No_Match"
"70910","I-95 EXIT 50B, Baltimore, MD, ","No_Match"
"69922","I-84/I-15, EXIT 363, Brigham City, UT, ","No_Match"
"69927","I-81, EXIT 10A, Hagerstown, MD, ","No_Match"
"69926","I-35, EXIT 214 & US-60, Tonkawa, OK, ","No_Match"
"69929","US-69/SR 7, Fort Scott, KS, ","Tie"
"69928","SR-51, Broken Arrow, OK, ","No_Match"
"70909","SR-201, Bladensburg, MD, ","No_Match"
"70908","I-495 EXIT 11A, Upper Marlboro, MD, ","No_Match"
"70905","US-29, Fairfax, VA, ","No_Match"
"70904","I-95 EXIT 166A, Lorton, VA, ","No_Match"
"70907","I-95 EXIT 43A, Elkridge, MD, ","No_Match"
"70906","I-95 EXIT 29A, US-1, Beltsville, MD, ","No_Match"
"70901","I-81 EXIT 137, US-11/460, Salem, VA, ","No_Match"
"70900","I-81 EXIT 150A, Roanoke, VA, ","No_Match"
"70903","US-11, Roanoke, VA, ","No_Match"
"70902","US-460/29, Lynchburg, VA, ","No_Match"
"70921","SR-5, Clinton, MD, ","No_Match"
"70920","SR-100 EXIT 11, Glen Burnie, MD, ","No_Match"
"69934","SR-35 N, Superior, WI, ","No_Match"
"69933","I-17, EXIT 201, Phoenix, AZ, ","No_Match"
"69932","SR-16, San Antonio, TX, ","No_Match"
"69931","I-565, EXIT 7 & CR-127, Madison, AL, ","No_Match"
"69938","US-60 & SR-77, Show Low                                , AZ, ","No_Match"
"69937","I-15, EXIT 119, Idaho Falls, ID, ","No_Match"
"69936","US-27, Moore Haven, FL, ","No_Match"
"69935","I-41, EXIT 45, Butler, WI, ","No_Match"
"70919","US-13, New Castle, DE, ","No_Match"
"70916","US-93, Willow Beach, AZ, ","No_Match"
"70915","I-95 EXIT 60, Baltimore, MD, ","No_Match"
"70918","I-895 EXIT 8B, Curtis Bay, MD, ","No_Match"
"70917","US-13, Salisbury, MD, ","No_Match"
"70912","I-695 EXIT 1, SR-173, Curtis Bay, MD, ","No_Match"
"70914","I-495 EXIT 15A, Capitol Heights, MD, ","No_Match"
"70913","I-270 EXIT 8, Rockville, MD, ","No_Match"
"69941","I-20 E, EXIT 406, Weatherford, TX, ","No_Match"
"70930","I-81 EXIT 313A, Winchester, VA, ","No_Match"
"69940","I-49, EXIT 157, Harrisonville, MO, ","No_Match"
"70931","SR-65, Hagerstown, MD, ","No_Match"
"69945","I-465, EXIT 49, Indianapolis, IN, ","Tie"
"69944","I-76, EXIT 57, North Jackson, OH, ","No_Match"
"69943","US-81, Duncan, OK, ","No_Match"
"69949","US-83 & SR-153, Winters, TX, ","No_Match"
"69948","US-190/SR-21, Bryan, TX, ","Tie"
"69947","I-24 EXIT 62 & SR-171, Antioch, TN, ","No_Match"
"69946","I-35, EXIT 214 & SR-105, Northwood, IA, ","No_Match"
"70927","SR-617, Springfield, VA, ","No_Match"
"70926","US-22, Allentown, PA, ","No_Match"
"70929","US-11, Martinsburg, WV, ","No_Match"
"70928","I-95 EXIT 41, US-1, Jessup, MD, ","No_Match"
"70923","SR-124, Gaithersburg, MD, ","No_Match"
"70922","US-50 EXIT 5, Hyattsville, MD, ","No_Match"
"70925","US-13, Sharon Hill, PA, ","No_Match"
"70924","I-276 EXIT 351, Levittown, PA, ","No_Match"
"69952","I-40, EXIT 25, Sayre, OK, ","No_Match"
"70941","US-60, Sandston, VA, ","No_Match"
"70940","SR-28, Manassas, VA, ","No_Match"
"70943","US-15BUS/29BUS, Culpeper, VA, ","No_Match"
"70700","US-231/SR-9, Wetumpka, AL, ","No_Match"
"70942","SR-657, Chantilly, VA, ","No_Match"
"69713","I-45, Exit 189, Teague, TX, ","No_Match"
"69955","I-85, EXIT 63 & SR-2180, Kannapolis, NC, ","No_Match"
"69954","I-80, EXIT 27A & US-46, Budd Lake, NJ, ","No_Match"
"69959","I-40, EXIT 192, Shawnee, OK, ","No_Match"
"69958","US-30/23 & SR-199, Upper Sandusky, OH, ","No_Match"
"69715","SR-8/SR-14, Superior, NE, ","No_Match"
"69957","I-75/SR-401, EXIT 153, Macon, GA, ","No_Match"
"69719","I-99/US-220, EXIT 41 & SR-865, Altoona, PA, ","No_Match"
"70938","SR-606, Sterling, VA, ","No_Match"
"70937","US-29/211, Warrenton, VA, ","No_Match"
"70939","SR-234, Manassas, VA, ","No_Match"
"70934","I-270 EXIT 31B, Frederick, MD, ","No_Match"
"70933","US-11, Winchester, VA, ","No_Match"
"70935","I-70 EXIT 55, Frederick, MD, ","No_Match"
"71129","I-85, EXIT 41 & SR-2480, Charlotte, NC, ","No_Match"
"70038","US-31, Grand Haven, MI, ","No_Match"
"71127","I-10, EXIT 609, Seguin, TX, ","No_Match"
"70035","I-55, EXIT 178 & SR-43, West Lafayette, IN, ","No_Match"
"70277","SR-46, Amery, WI, ","No_Match"
"70034","I-55 EXIT 282A & SR-171, Bedford Park, IL, ","No_Match"
"70276","US-301 & SR-648, Petersburg, VA, ","No_Match"
"71126","I-77 & US-21, Blythewood, SC, ","No_Match"
"70037","I-70, EXIT 23 & SR-59, Brazil, IN, ","No_Match"
"70279","SR-19 & SR-21, New Prague, MN, ","No_Match"
"71123","I-10, EXIT 203, Eloy, AZ, ","No_Match"
"70036","SR-38 & CR-21, West Chicago, IL, ","No_Match"
"70278","I-41, EXIT 146 & CR-N, Little Chute, WI, ","No_Match"
"70031","US-30, Upper Sandusky, OH, ","No_Match"
"70273","I-264 E, EXIT 14 & SR-864 N, Louisville, KY, ","No_Match"
"71121","I-10/US-70, EXIT 82A & US-180, Deming, NM, ","No_Match"
"70030","I-80 E, & I-94 E, Gary, IN, ","No_Match"
"70033","SR-36 & CR-15, Stillwater, MN, ","No_Match"
"70032","US-20, Waterloo, IA, ","No_Match"
"70274","US-18 & US-69, Garner, IA, ","Tie"
"71120","US-25 & SR-56, Waynesboro, GA, ","No_Match"
"70271","US-20, Plainview, NE, ","No_Match"
"70270","US-50/US400  & SR-25, Lakin, KS, ","No_Match"
"70049","I-380, EXIT 17, Cedar Rapids, IA, ","No_Match"
"71138","I-5, EXIT 260, Bellingham, WA, ","No_Match"
"71139","SR-47 & CR-9, Yorkville, IL, ","No_Match"
"71134","US-54/US-285 & US-60, Vaughn, NM, ","Tie"
"70042","US-65, Iowa Falls, IA, ","No_Match"
"70284","I-395 N, EXIT 3, Corinth, ME, ","No_Match"
"70041","I-64/SR-33, EXIT 211 & SR-609, Providence Forge, VA, ","No_Match"
"71133","I-35, EXIT 85 & FM-117, Dilley, TX, ","No_Match"
"70044","I-94, EXIT 73B & US-6, South Holland, IL, ","No_Match"
"70286","SR-7, Corinna, ME, ","No_Match"
"70043","I-35, EXIT 235 & SR-210, Carlton, MN, ","No_Match"
"70285","SR-16 E, Dover Foxcroft, ME, ","No_Match"
"71131","I-85, EXIT 66 & US-29, Spartanburg, SC, ","No_Match"
"70040","I-35, EXIT 215 & CR-210, Kyle                                    , TX, ","No_Match"
"70282","I-39, EXIT 147 & CR-N, Cottage Grove, WI, ","No_Match"
"70281","I-75, EXIT 18, Monroe, MI, ","No_Match"
"71149","SR-20, Mount Pleasant, MI, ","No_Match"
"70299","I-295, EXIT 41 & SR-105, Jacksonville, FL, ","No_Match"
"70298","I-95, EXIT 38 & SR-68, Yemassee, SC, ","No_Match"
"71148","US-65, Sheffield, IA, ","No_Match"
"71145","I-74/US-421 EXIT 113, Shelbyville, IN, ","No_Match"
"70058","CR-4 & CR-22, Rochester, MN, ","No_Match"
"71146","US-34, Eagle, NE, ","No_Match"
"70295","I-69 & US-20, Angola, IN, ","No_Match"
"71143","SR-141, Manning, IA, ","No_Match"
"71144","US-12 & US-75, Ortonville, MN, ","No_Match"
"70297","SR-169 & BUS-20, Fort Dodge, IA, ","Tie"
"71141","I-55, EXIT 178 & CR-23, Lexington, IL, ","No_Match"
"70054","CR-241 & CR-ZZ, Oak Creek, WI, ","No_Match"
"70296","SR-68 & SR-154, Riverton, UT, ","No_Match"
"71142","US-20 & SR-2, Rockford, IL, ","Tie"
"70291","I-80, EXIT 310 & CR-322, Laramie, WY, ","Tie"
"70290","TCH 1, Medicine Hat, AB, ","No_Match"
"71140","I-94, EXIT 267 & SR-26, EXIT 30, Jefferson, WI, ","No_Match"
"70293","US-8, Cameron, WI, ","No_Match"
"70050","US-51, De Forest, WI, ","No_Match"
"70292","I-15, Mesquite, NV, ","No_Match"
"70068","I-44, EXIT 107, Newcastle, OK, ","No_Match"
"71158","SR-570, EXIT 3 & SR-572, Lakeland, FL, ","No_Match"
"70067","I-94, EXIT 115 & CR-A, Black River Falls, WI, ","No_Match"
"70069","I-49, EXIT 159, Harrisonville, MO, ","No_Match"
"71154","CR-3, DUNDAS, MN, ","No_Match"
"70063","US-41, Marietta, GA, ","No_Match"
"71155","SR-16, EXIT 184, Sussex, WI, ","No_Match"
"71152","US-24, EXIT 41, Napoleon, OH, ","No_Match"
"71153","SR-35, Osceola, WI, ","No_Match"
"71150","I-84, EXIT 141, Bliss, ID, ","No_Match"
"71151","US-50 & SR-130, Olney, IL, ","No_Match"
"70079","US-60, Clovis, NM, ","No_Match"
"71169","I-69 EXIT,286 & US-24 & SR-9, Huntington, IN, ","Tie"
"70078","I-94 & CR-EE, Eau Claire, WI, ","No_Match"
"71167","I-55, EXIT 247, Channahon, IL, ","No_Match"
"71168","I-80, EXIT 176, Winnemucca, NV, ","No_Match"
"71165","I-26, EXIT 125 & US-176, Gaston, SC, ","No_Match"
"70074","US-71 & US-136/SR-46, Maryville, MO, ","Tie"
"71166","US-50, Montrose, CO, ","No_Match"
"71163","I-86/SR-17, EXIT 51A & CR-64, Elmira, NY, ","No_Match"
"70076","SR-32, Salem                                   , MO, ","No_Match"
"71164","SR-287, Middlebury Center, PA, ","No_Match"
"71161","I-95, EXIT 107 & US-301, Kenly, NC, ","No_Match"
"71162","US-20 & CR-245, Norwalk, OH, ","No_Match"
"71160","I-96, EXIT 46  & SR-6, EXIT 15, Caledonia, MI, ","No_Match"
"71179","I-26, EXIT 76 & SR-219, Newberry, SC, ","No_Match"
"71176","US-23/SR-365, Gainesville, GA, ","No_Match"
"70085","SR-83, Bensenville, IL, ","No_Match"
"71177","I-55, EXIT 257 & SR-310, Como, MS, ","No_Match"
"70088","SR-13, Park Falls, WI, ","No_Match"
"70087","I-95, EXIT 14, Newark, NJ, ","No_Match"
"71172","CR-577 & CR-80, Brenham, TX, ","No_Match"
"70081","SR-7, Steubenville, OH, ","No_Match"
"71173","I-95/SR-405, EXIT 102 & US-80, Pooler, GA, ","Tie"
"70084","SR-131, Waukegan, IL, ","No_Match"
"71170","I-94, EXIT 292 & CR-21, Valley City, ND, ","No_Match"
"70083","US-14, Black Earth, WI, ","No_Match"
"71171","I-35 EXIT 302, Temple, TX, ","No_Match"
"70080","SR-25, Rochester, IN, ","No_Match"
"71189","I-20, EXIT 55, Lexington, SC, ","No_Match"
"70097","SR-32 & SR-23, Sheboygan Falls, WI, ","No_Match"
"71188","I-75, EXIT 153, Macon, GA, ","No_Match"
"71185","I-78/US-22, EXIT 45 & SR-863, Kutztown, PA, ","No_Match"
"70098","US-2, Ashland, WI, ","No_Match"
"71186","US-29 & SR-904, Anderson, SC, ","No_Match"
"70093","US-45/SR-5 & SR-57, Ramer, TN, ","No_Match"
"70095","US-380 & FM-1304, Bridgeport, TX, ","No_Match"
"71181","I-85, EXIT 72 & I-585/US-176, Spartanburg, SC, ","No_Match"
"70091","I-70 & I-57 EXIT 159, Effingham, IL, ","No_Match"
"70090","I-40, EXIT 143 & SR-13, Hurricane Mills, TN, ","No_Match"
"71198","I-90, EXIT 233 & SR-74, Saint Charles, MN, ","No_Match"
"71199","I-22, EXIT 14 & CR-35, Hamilton, AL, ","No_Match"
"71196","SR-33 & SR 54, Thomas, OK, ","No_Match"
"71197","US-60/SR-51 & US-283, Arnett, OK, ","No_Match"
"71194","I-40, EXIT 84 & US-54, Weatherford, OK, ","No_Match"
"71195","I-40, EXIT 108 & US-281/SR-8, Geary, OK, ","No_Match"
"71193","US-60 & SR-123, Bartlesville, OK, ","No_Match"
"71190","I-80/US-30, EXIT 85 & SR-374, Green River, WY, ","Tie"
"71191","I-80/5600 WEST, Salt Lake City, UT, ","No_Match"
"70677","US-60, Glendale, AZ, ","No_Match"
"70434","SR-148 & SR-142, Mount Vernon, IL, ","No_Match"
"70676","I-10, EXIT 138, Phoenix, AZ, ","No_Match"
"70437","SR-1020 N, & SR1065 E, Louisville, KY, ","No_Match"
"70679","I-10, EXIT 151, Phoenix, AZ, ","No_Match"
"70436","US-36, Marysville, KS, ","No_Match"
"70431","I-20 E, Holstein, IA, ","No_Match"
"70673","SR-202, Mesa, AZ, ","No_Match"
"70430","I-520 & SR-56, Augusta, GA, ","No_Match"
"70433","SR-126, Plainfield, IL, ","No_Match"
"70432","SR-43, Frankfort, IL, ","No_Match"
"70674","SR-111, Ayer, MA, ","No_Match"
"70670","I-215, EXIT 27 & CR-68, North Salt Lake, UT, ","No_Match"
"70428","US-301, Jesup, GA, ","No_Match"
"70427","SR-307, Savannah, GA, ","No_Match"
"70669","I-84, EXIT 104 & US-97, Wasco, OR, ","No_Match"
"70429","SR-76, Adel, GA, ","No_Match"
"70446","US-285, Loving, NM, ","No_Match"
"70445","SR-1, Oakes, ND, ","No_Match"
"70687","I-99, EXIT 78B & SR-150, Bellefonte, PA, ","No_Match"
"70448","I-81, EXIT 31, Brewerton, NY, ","No_Match"
"70447","I-84, EXIT 3 & US-6, New Hampton, NY, ","No_Match"
"70442","I-580 & US-50, Carson City, NV, ","No_Match"
"70441","US-50 & SR-13, Warrensburg, MO, ","No_Match"
"70686","US-12, Hudson, WI, ","No_Match"
"70443","I-55, EXIT 112, Madison, MS, ","No_Match"
"70680","I-17, EXIT 215B, Phoenix, AZ, ","No_Match"
"70440","I-696, Warren, MI, ","No_Match"
"70682","I-255/US-50, EXIT 15, East Saint Louis, IL, ","No_Match"
"70681","US-60, Mesa, AZ, ","No_Match"
"70439","I-20 & SR-151, Arcadia, LA, ","No_Match"
"70438","SR-94, Breaux Bridge, LA, ","No_Match"
"70457","I-83, EXIT 22 & SR-4009, York, PA, ","No_Match"
"70699","US-79, Paris, TN, ","No_Match"
"70214","I-20 & SR-6, Lithia Springs, GA, ","No_Match"
"70456","SR-16 & SR-75, Mercersburg, PA, ","No_Match"
"70698","US-54, Logan, NM, ","No_Match"
"70217","I-84 EXIT 165, Jerome, ID, ","No_Match"
"70459","I-90 & SR-115, Sioux Falls, SD, ","No_Match"
"70216","I-25 & SR-105, Monument, CO, ","No_Match"
"70458","US-25 & SR-418, Pelzer, SC, ","No_Match"
"70695","US-54 & US-380, Carrizozo, NM, ","No_Match"
"70210","SR-29 & CR-1350, Henry, IL, ","No_Match"
"70452","SR-78, Westmorland, CA, ","No_Match"
"70455","US-332/US-22 & SR-75, Mifflintown, PA, ","No_Match"
"70454","US-220, Monroeton, PA, ","No_Match"
"70696","I-20 EXIT 131, Midland, TX, ","No_Match"
"70691","I-10/US-90, EXIT 583, San Antonio, TX, ","No_Match"
"70693","US-76 & SR-71, Dalton, GA, ","No_Match"
"70450","SR-149, Queensbury, NY, ","No_Match"
"70208","SR-648, Sparks, NV, ","No_Match"
"70207","I-20 EXIT 425, Fort Worth, TX, ","No_Match"
"70209","I-49, EXIT 66 & CR-K, Jasper, MO, ","No_Match"
"70468","I-14 & SR-121, Belton, TX, ","No_Match"
"70225","US-130, Riverton, NJ, ","No_Match"
"70467","I-80, EXIT 439, SR-370, Omaha, NE, ","No_Match"
"70227","I-75, EXIT 414 & US-41, Lake City, FL, ","No_Match"
"70469","I-30 & SR-423, Mount Vernon, TX, ","No_Match"
"70222","US-52 & SR-55, SR-18, Fowler, IN, ","Tie"
"70464","US-6, Grand Junction, CO, ","No_Match"
"70221","CR-70 E, Cedar Rapids, IA, ","No_Match"
"70463","US-290, Chappell Hill, TX, ","No_Match"
"70224","I-70 EXIT 42, Palisade, CO, ","No_Match"
"70466","SR-19, Trinity, TX, ","No_Match"
"70223","I-75, EXIT 116, Flint, MI, ","No_Match"
"70460","US-87, San Angelo, TX, ","No_Match"
"70220","I-40, EXIT 154 & US-64, Statesville, NC, ","No_Match"
"70461","I-35 & FM-1103, New Braunfels, TX, ","No_Match"
"70219","US-59 & SR-116, Lufkin, TX, ","No_Match"
"70218","I-69 & SR-260, Hanson, KY, ","No_Match"
"70479","US-60 & SR-657, Gladstone, VA, ","No_Match"
"70236","I-25, EXIT 347, Las Vegas, NM, ","No_Match"
"70478","I-70, EXIT 56, Salina, UT, ","No_Match"
"70239","I-25, EXIT 145, Colorado Springs, CO, ","No_Match"
"70238","I-10, EXIT 400 & US-277, Sonora, TX, ","No_Match"
"70233","SR-31 & I-94 EXIT 127, New Salem, ND, ","No_Match"
"70232","I-81, EXIT 8 & CR-32   , Inwood, WV, ","No_Match"
"70474","I-30, EXIT 42A, Dallas, TX, ","No_Match"
"70472","I-820 & CR-156, Fort Worth, TX, ","No_Match"
"70229","I-11 EXIT 15A, Henderson, NV, ","No_Match"
"70247","I-20 EXIT 458, Dallas, TX, ","No_Match"
"70008","I-10, EXIT 661 & FM-609, Flatonia, TX, ","No_Match"
"70007","I-95, EXIT 201 & CR-524, Cocoa, FL, ","No_Match"
"70249","US-231 & SR-100, Scottsville, KY, ","No_Match"
"70002","US-49, Magee, MS, ","No_Match"
"70001","US-23, Circleville, OH, ","No_Match"
"70243","US-68 & US-31W /SR-526, Bowling Green, KY, ","Tie"
"70485","SR-132, Hobbs, NM, ","No_Match"
"70004","US-23 & CR-192, Delaware, OH, ","No_Match"
"70246","SR-944 & SR-9, Miami, FL, ","Tie"
"70488","US-380 & SR-214, Plains, TX, ","No_Match"
"70003","SR-837, Clairton, PA, ","No_Match"
"70245","US-287 & CR-368, Iowa Park, TX, ","No_Match"
"70240","I-15, EXIT 10, Saint George, UT, ","No_Match"
"70482","SR-259 & SR-387, Midwest, WY, ","No_Match"
"70481","I-39, EXIT 100, Endeavor, WI, ","No_Match"
"70242","I-35, EXIT 342A, Waco, TX, ","No_Match"
"70484","SR-18 & CR-97, Lovington, NM, ","No_Match"
"70241","SR-88, Minden, NV, ","No_Match"
"70483","SR-27 & CR-47, Copiague, NY, ","No_Match"
"70480","I-90, EXIT 321, Sprague, WA, ","No_Match"
"70017","I-79 & US-19, Morgantown                              , WV, ","No_Match"
"71107","US-20, EXIT 96 & SR-4, Rockwell City, IA, ","No_Match"
"70258","US-59 & SR-30, Slayton, MN, ","Tie"
"71108","I-10, EXIT 819 & FM-1663, Anahuac, TX, ","No_Match"
"70019","I-390, EXIT 9 & SR-15, Avon                                    , NY, ","No_Match"
"71105","US-64 & CR-450, Alva, OK, ","No_Match"
"71106","I-135, EXIT 10B & SR-96, Wichita, KS, ","No_Match"
"70255","SR-55, Cadillac, MI, ","No_Match"
"71103","I-80, EXIT 177 & US-83, North Platte, NE, ","No_Match"
"70012","I-70, EXIT 283, Aurora, CO, ","No_Match"
"70254","I-70 & CR-829, Abilene, KS, ","No_Match"
"70496","I-43, EXIT 171, Denmark, WI, ","No_Match"
"71104","I-26, EXIT 194, Summerville, SC, ","No_Match"
"70257","I-2, Donna, TX, ","No_Match"
"71101","I-55, EXIT 244 & SR-53, Elwood, IL, ","No_Match"
"70014","SR-179, Jamestown                               , MO, ","No_Match"
"70256","SR-60, Bartow, FL, ","No_Match"
"70498","SR-29, EXIT 101, Stanley, WI, ","No_Match"
"71102","I-35W/US-287, EXIT 54A & SR-183, Fort Worth, TX, ","No_Match"
"70251","SR-42 & US-49, Hattiesburg, MS, ","Tie"
"70493","US-63/SR-11, Hazen, AR, ","No_Match"
"70492","US-51 EXIT 191B, Wausau, WI, ","No_Match"
"70011","US-63, EXIT 59, Rochester, MN, ","No_Match"
"70495","US-65 & US-82, Lake Village, AR, ","Tie"
"70494","I-76/US-6, Commerce City, CO, ","No_Match"
"70491","US-36, Hamilton, MO, ","No_Match"
"70028","US-321, EXIT 37, Newton, NC, ","No_Match"
"71118","I-35/US-51, EXIT 3 & CR-9, Roscoe, IL, ","No_Match"
"70027","SR-31, South Elgin, IL, ","No_Match"
"70269","I-29, EXIT 2, North Sioux City, SD, ","No_Match"
"71119","I-95/SR-405, EXIT 102 & US-80, Pooler, GA, ","Tie"
"71116","US-59 & SR-49, Jefferson, TX, ","No_Match"
"70029","I-10, EXIT 843, Beaumont, TX, ","No_Match"
"71117","I-520/SR-415, EXIT 9 & SR-56, Augusta, GA, ","No_Match"
"70024","I-41, EXIT 167, Green Bay, WI, ","No_Match"
"70266","I-20, Odessa, TX, ","No_Match"
"71114","I-95, EXIT 11B & SR-606, Woodford, VA, ","No_Match"
"70265","I-80 & CR-238, Milford, NE, ","Tie"
"71115","US-50/US-151 & US-41, Vincennes, IN, ","No_Match"
"70026","I-80 EXIT 73, Peru, IL, ","No_Match"
"71112","I-91, EXIT 8 & SR-80, New Haven, CT, ","Tie"
"70025","SR-43, Carrollton, OH, ","No_Match"
"70267","I-5, EXIT 238 & SR-164, Albany, OR, ","No_Match"
"71113","I-95, EXIT 39A & US-1, Madras, OR, ","Tie"
"70262","US-70 & US-377, Madill, OK, ","No_Match"
"71110","I-94 & SR-26, EXIT 267, Watertown, WI, ","No_Match"
"71111","I-59, EXIT 21B & SR-35, Fort Payne, AL, ","No_Match"
"70022","US-322 & SR-655, Reedsville, PA, ","No_Match"
"70263","US-301, Statesboro, GA, ","No_Match"
"69842","I-44, EXIT 215 & SR-97, Sapulpa, OK, ","No_Match"
"70831","I-80, EXIT 19 & SR-659, Sparks, NV, ","No_Match"
"69840","I-80, EXIT 439 & SR-370, Gretna, NE, ","No_Match"
"70833","SR-667, Reno, NV, ","No_Match"
"70832","SR-648, Sparks, NV, ","No_Match"
"69845","US-40 & SR-13, Craig, CO, ","No_Match"
"69848","SR-17, Rhinelander, WI, ","No_Match"
"69847","US-52, Guttenberg, IA, ","No_Match"
"70600","US-65, Mason City, IA, ","No_Match"
"69852","SR-61, Two Harbors, MN, ","No_Match"
"69851","I-90, Belvidere, IL, ","No_Match"
"69850","I-80 E, & SR-415 EXIT 135, Des Moines, IA, ","No_Match"
"70601","I-70 EXIT 275, Abilene, KS, ","No_Match"
"69856","I-77, EXIT 5 & SR-48, Cayce, SC, ","No_Match"
"69855","US-18, Floyd, IA, ","No_Match"
"69854","I-39, EXIT 115 & CR-CS, Poynette, WI, ","No_Match"
"69859","I-12 EXIT 22, Livingston                              , LA, ","No_Match"
"69858","US-181, Elmendorf                               , TX, ","No_Match"
"70611","US-6 & SR-3, Kendallville, IN, ","No_Match"
"69863","I-80 EXIT 352A & US-93, Wells, NV, ","No_Match"
"69862","US-69/SR-52, Pleasanton, KS, ","No_Match"
"70855","I-580, EXIT 5, Carson City, NV, ","No_Match"
"69861","I-57, EXIT 53, Marion, IL, ","No_Match"
"70612","I-90 EXIT 101, Thorp, WA, ","No_Match"
"69865","SR-33 & SR-632, Lanexa, VA, ","No_Match"
"70608","US-10/SR-47, Anoka, MN, ","No_Match"
"70607","I-55 & US-6, EXIT 24B, Channahon, IL, ","No_Match"
"70609","I-75, EXIT 205 & SR-16, Jackson, GA, ","No_Match"
"70604","US-69 & SR-9, Forest City, IA, ","Tie"
"70603","I-30, EXIT 201 & SR-8, New Boston, TX, ","No_Match"
"70845","I-80, EXIT 19, Sparks, NV, ","No_Match"
"70606","I-65 & SR-101, EXIT 38, Smiths Grove, KY, ","No_Match"
"70605","I-55 & SR-50, EXIT 286, Cicero, IL, ","No_Match"
"69875","US-81, Norfolk, NE, ","No_Match"
"70622","US-422, Douglassville, PA, ","No_Match"
"70864","I-580/US-395, EXIT 29 & SR-659, Reno, NV, ","No_Match"
"69874","I-72, EXIT 64 & US-67, Jacksonville, IL, ","No_Match"
"70621","I-16 EXIT 53 & SR-19, Dublin, GA, ","No_Match"
"69873","US-10, EXIT 186 & SR-13, Marshfield, WI, ","No_Match"
"70624","I-74 EXIT 2, Bettendorf, IA, ","No_Match"
"70623","I-55, EXIT 267 & SR-53, Bolingbrook, IL, ","No_Match"
"69879","I-70 EXIT 77, Indianapolis, IN, ","No_Match"
"70860","I-80, EXIT 303, Elko, NV, ","No_Match"
"69878","SR-83 & SR-19, Bensenville, IL, ","No_Match"
"69877","US-61 & SR-19, New London, MO, ","No_Match"
"70620","I-30 EXIT 97, Malvern, AR, ","No_Match"
"70619","US-212 & CR-68, Glencoe, MN, ","No_Match"
"70618","I-270 N, EXIT 49, Lockbourne, OH, ","No_Match"
"70615","I-57 EXIT 350 & SR-83, Posen, IL, ","No_Match"
"69870","I-280, EXIT 7 & SR-2, Oregon, OH, ","No_Match"
"70617","I-435, EXIT 57, Kansas City, MO, ","Tie"
"70859","I-580 & US-50, Carson City, NV, ","No_Match"
"70858","I-65, EXIT 158 & CR-6, Hope Hull, AL, ","No_Match"
"69886","SR-50, Syracuse, NE, ","No_Match"
"69885","SR-43 & SR-183, Malvern                                 , OH, ","Tie"
"70632","SR-394, Crete, IL, ","No_Match"
"70874","SR-6 & SR-515, Navasota, TX, ","No_Match"
"69884","I-40, EXIT 267 & SR-379, Santa Rosa, NM, ","No_Match"
"70877","US-41, EXIT 1A, Wadsworth, IL, ","No_Match"
"70634","US-83 & SR-96, Scott City, KS, ","No_Match"
"70876","SR-123/SR-12, Walpole, NH, ","No_Match"
"70871","I-95, EXIT 62, Madison, CT, ","No_Match"
"70870","US-26, Scottsbluff, NE, ","No_Match"
"69888","US-30, Twin Falls, ID, ","No_Match"
"70873","I-75, EXIT 414, Lake City, FL, ","No_Match"
"69887","SR-21 & SR-307, Savannah, GA, ","No_Match"
"70630","I-76, EXIT 33 & SR-43, Kent, OH, ","No_Match"
"70629","I-35, EXIT 147 & SR-95, North Branch, MN, ","No_Match"
"69882","US-43, Lawrenceburg, TN, ","No_Match"
"70626","I-70, EXIT 97, Silt, CO, ","No_Match"
"69881","SR-55, Buffalo, MN, ","No_Match"
"70625","SR-11, Brownville, ME, ","No_Match"
"69880","I-290, EXIT 13A, Franklin Park, IL, ","No_Match"
"70628","I-90, EXIT 106, Ellensburg, WA, ","No_Match"
"70644","I-494 EXIT 20, Delano, MN, ","No_Match"
"70643","US-431/CR-248, Smiths Station, AL, ","No_Match"
"70885","CR-CE & CR-HH, Combined Locks, WI, ","No_Match"
"69895","I-80, EXIT 122, Minooka, IL, ","No_Match"
"70404","I-25 EXIT, 138, Colorado Springs, CO, ","No_Match"
"70646","I-43 & CR-N, Green Bay, WI, ","No_Match"
"70888","US-283, Altus, OK, ","No_Match"
"69894","US-2, Williston, ND, ","No_Match"
"70403","I-90, EXIT 1, Post Falls, ID, ","No_Match"
"70645","I-410, EXIT164B, San Antonio, TX, ","No_Match"
"70887","I-20, EXIT 113 & SR-83, Madison, GA, ","No_Match"
"70640","SR-3/SR-33, Watonga, OK, ","No_Match"
"70882","US-11/US-15 & US-22, Duncannon, PA, ","No_Match"
"70881","I-99/US-220, EXIT 28 US-22/SR-764, Duncansville, PA, ","No_Match"
"70642","I-20, EXIT 15, Vicksburg, MS, ","No_Match"
"70884","SR-194 & SR-550, Walkersville, MD, ","No_Match"
"70641","I-81/I-64, EXIT 213 , Staunton, VA, ","No_Match"
"70883","US-422, Lebanon, PA, ","No_Match"
"70880","SR-61 & SR-73, Leesport, PA, ","No_Match"
"69893","US-412/US-270/US-183/SR-3 & SR-15, Woodward, OK, ","No_Match"
"70637","I-2/US-83 & CR-493, Donna, TX, ","No_Match"
"70879","I-40 EXIT 154, Albuquerque, NM, ","No_Match"
"69892","US-26, Casper, WY, ","No_Match"
"70878","I-15 EXIT 13, Malad City, ID, ","No_Match"
"70638","I-70, EXIT 358A & US-75, Topeka, KS, ","No_Match"
"70413","US-169 & SR-2, Mount Ayr, IA, ","No_Match"
"70655","US-6, Grand Junction, CO, ","No_Match"
"70897","SR-801 & SR-42, Broadway, VA, ","Tie"
"70654","I-10 EXIT 378, San Simon, AZ, ","No_Match"
"70896","US-522, Front Royal, VA, ","No_Match"
"70415","SR-55 /EXIT 35, Vineland, NJ, ","No_Match"
"70657","I-96 EXIT 167, Springfield, VA, ","No_Match"
"70899","I-64 EXIT 96, SR-624, Waynesboro, VA, ","No_Match"
"70656","US-23, EXIT 25, Milan, MI, ","No_Match"
"70898","I-81 EXIT 243, US-11, Harrisonburg, VA, ","No_Match"
"70651","I-35, EXIT 266, Georgetown, TX, ","No_Match"
"70893","I-95 EXIT 130A, SR-2, Fredericksburg, VA, ","No_Match"
"70650","I-15 N, EXIT 334 & SR-193, Clearfield, UT, ","No_Match"
"70892","I-95 EXIT 133, Fredericksburg, VA, ","No_Match"
"70411","SR-72, Elberton, GA, ","No_Match"
"70653","I-74 EXIT 215A & SR-1, Tilton, IL, ","No_Match"
"70895","I-95 EXIT 118, Woodford, VA, ","No_Match"
"70410","I-285 & US-78, Stone Mountain, GA, ","Tie"
"70652","I-57 EXIT 94, Mount Vernon, IL, ","No_Match"
"70894","US-301, Waldorf, MD, ","No_Match"
"70891","I-64 EXIT 297, Chesapeake, VA, ","No_Match"
"70409","I-196, EXIT 49 & SR-40, Holland, MI, ","No_Match"
"70406","SR-251, Rochelle, IL, ","No_Match"
"70405","SR-18 & SR-234, Eunice, NM, ","No_Match"
"70647","I-20 EXIT 66, Pyote, TX, ","No_Match"
"70889","I-90 EXIT 241 & SR-7, Conneaut, OH, ","No_Match"
"70408","I-495, EXIT 64, Medford, NY, ","No_Match"
"70407","I-495, EXIT 57, Islandia, NY, ","No_Match"
"70649","SR-95, North Branch, MN, ","No_Match"
"70424","I-75, EXIT 144A, Bridgeport, MI, ","No_Match"
"70666","I-55, EXIT 288, Chicago, IL, ","No_Match"
"70423","I-90 & US-20, Hampshire, IL, ","No_Match"
"70665","I-35 EXIT 219, Buda, TX, ","No_Match"
"70426","US-27, Attapulgus, GA, ","No_Match"
"70668","US-30 & CR-9, Schuyler, NE, ","No_Match"
"70425","I-79, EXIT 105 & SR-108, Slippery Rock, PA, ","No_Match"
"70667","I-84, EXIT 104 & US-97, Wasco, OR, ","No_Match"
"70420","SR-67, Decatur, AL, ","No_Match"
"70662","I-79 EXIT 183A, Erie, PA, ","No_Match"
"70422","I-10, EXIT 134, Tolleson, AZ, ","No_Match"
"70421","US-62/US-67, Corning, AR, ","No_Match"
"70663","US-45/US-52, Bourbonnais, IL, ","No_Match"
"70660","I-35, EXIT 33 & US-34, Creston, IA, ","No_Match"
"70417","US-63, Denver, IA, ","No_Match"
"70416","US-54 & US-287, Stratford, TX, ","No_Match"
"70658","SR-235, New Carlisle, OH, ","No_Match"
"70419","I-35 EXIT 24, Laredo, TX, ","No_Match"
"71088","US-151, Monticello, IA, ","No_Match"
"71086","SR-59 & SR-38, West Chicago, IL, ","Tie"
"71087","I-90, EXIT 176, Moses Lake, WA, ","No_Match"
"71084","US-75, Tulsa, OK, ","No_Match"
"71085","SR-49, Greenville, OH, ","No_Match"
"71083","US-78, Augusta, GA, ","No_Match"
"71080","I-90 & US-20, Irving, NY, ","No_Match"
"71099","I-57, EXIT 335 & SR-50, Monee, IL, ","No_Match"
"71097","I-55, EXIT 267 & SR-53, Romeoville, IL, ","No_Match"
"71095","US-84/SR-12 & SR-95, Gordon, AL, ","No_Match"
"71096","US-30 & SR-394, Chicago Heights, IL, ","No_Match"
"71094","US-63 & SR-137, Eddyville, IA, ","No_Match"
"71091","US-63 & CR-M, Moberly, MO, ","No_Match"
"71090","US-60 & SR-207, Panhandle, TX, ","No_Match"
"69801","I-580, EXIT 41 & SR-531, Carson City, NV, ","No_Match"
"69800","US-385 & SR-2, Alliance, NE, ","Tie"
"69804","I-94, EXIT 293, Pewaukee, WI, ","No_Match"
"69803","I-55, EXIT 248 & US-6, Channahon, IL, ","No_Match"
"69809","I-94, EXIT 202, Elk River, MN, ","No_Match"
"69813","I-81, EXIT 24 & CR-696, Shippensburg, PA, ","No_Match"
"69811","US-81 & SR-7, Marlow, OK, ","Tie"
"69817","I-20, EXIT 96, Lake, MS, ","No_Match"
"69816","I-27, EXIT 1, Lubbock, TX, ","No_Match"
"69815","I-94/US-12, EXIT 138 & US-59, Miles City, MT, ","No_Match"
"69814","US-87 & SR-163, Sterling City                           , TX, ","No_Match"
"69819","SR-18 & SR-5, Marion, IN, ","No_Match"
"69818","US-75, Okmulgee, OK, ","No_Match"
"69820","SR-7, Manson                                  , IA, ","No_Match"
"69823","US-41, Terre Haute, IN, ","No_Match"
"69821","I-35W, EXIT 52B & TX-121, Haltom City, TX, ","No_Match"
"69827","US-12/SR-29, Menomonie, WI, ","No_Match"
"69825","MN-15, Sauk Rapids, MN, ","No_Match"
"69830","I-78/US-22, EXIT 29 & SR-61, Hamburg, PA, ","No_Match"
"69835","US-287   , Eads, CO, ","No_Match"
"69833","US-412, Watts, OK, ","No_Match"
"69832","I-10, EXIT 28 & SR-49, Gulfport, MS, ","No_Match"
"69837","I-94, EXIT 73B & US-6, South Holland, IL, ","No_Match"
"70159","US-460 & SR-156, Disputanta, VA, ","No_Match"
"71009","I-40, EXIT 435 & US-321, Newport, TN, ","No_Match"
"71006","I-95 EXIT 79, Richmond, VA, ","No_Match"
"71248","I-4, EXIT-55, Davenport, FL, ","No_Match"
"71249","I-20, EXIT 185, Oxford, AL, ","No_Match"
"70156","US-91, SR-130, Cedar City, UT, ","No_Match"
"71004","US-1 & SR-688, Doswell, VA, ","No_Match"
"71246","I-40 EXIT 75, Amarillo, TX, ","No_Match"
"70155","US-24, I-96 EXIT 179, Redford, MI, ","No_Match"
"71005","I-95 EXIT 78, Richmond, VA, ","No_Match"
"71247","I-59, Exit 104, Sandersville, MS, ","No_Match"
"70158","I-26, EXIT 194 & SR-16, Summerville, SC, ","No_Match"
"71002","US-250, Charlottesville, VA, ","No_Match"
"71244","I-84/I-15, EXIT 344 & SR-39, Ogden, UT, ","No_Match"
"70157","US-63, Waterloo, IA, ","No_Match"
"71003","I-95 EXIT 73, Richmond, VA, ","No_Match"
"71245","I-15, EXIT 67 & US-30, Pocatello, ID, ","Tie"
"71242","US-93, Willow Beach, AZ, ","No_Match"
"71001","I-95 EXIT 83B, Richmond, VA, ","No_Match"
"70154","US-34, CR-56, Kersey, CO, ","No_Match"
"71240","I-24 EXIT 117 , Hillsboro, TN, ","No_Match"
"71241","I-40, Exit 356A & SR-58, Kingston                                , TN, ","No_Match"
"70390","SR-302 & CR-313, Kermit, TX, ","No_Match"
"70150","I-29, EXIT 35B & US-34, Pacific Junction, IA, ","No_Match"
"70391","I-57 EXIT 65, West Frankfort, IL, ","No_Match"
"71019","SR-3, Northfield, MN, ","No_Match"
"71259","I-10 EXIT 10, Irvington, AL, ","No_Match"
"71018","US-218, Vinton, IA, ","No_Match"
"71257","US-75 & SR-210, Wahpeton                                , ND, ","No_Match"
"70169","SR-21, Caldwell, TX, ","No_Match"
"71013","SR-3 EXIT 5, Plymouth, MA, ","No_Match"
"71255","I-70/US-40, EXIT 84 & CR-J, Nelson                                  , MO, ","No_Match"
"70168","CR-75, Saint Joseph, MN, ","No_Match"
"71014","I-95, EXIT 43 & US-1, Elkridge, MD, ","No_Match"
"71256","US-60, Seymour                                 , MO, ","No_Match"
"70163","SR-23, Paynesville, MN, ","No_Match"
"71011","I-84 E, EXIT 2 & US-6 E, Danbury, CT, ","No_Match"
"71253","I-35, EXIT 122 & SR-173, Devine, TX, ","No_Match"
"70162","US-58, Suffolk, VA, ","No_Match"
"71012","I-95 N, EXIT 12, Darien, CT, ","No_Match"
"71251","US-30 & SR-772, Gap, PA, ","No_Match"
"70164","I-80 EXIT 284, Blakeslee, PA, ","No_Match"
"71010","I-64, EXIT 17, Louisville, KY, ","No_Match"
"71252","I-26, EXIT 54 & SR-72, Clinton, SC, ","No_Match"
"71250","I-40 EXIT 219, Flagstaff, AZ, ","No_Match"
"70161","HWY 75 & PR-305, Ste Agathe, MB, ","No_Match"
"70160","I-90 & SR-337, Sheridan, WY, ","No_Match"
"71029","I-355 EXIT 27 & SR-64, Lombard, IL, ","No_Match"
"71268","SR 85 & W 900 S, West Jordan, UT, ","No_Match"
"70177","US-160 & SR-145, Cortez, CO, ","No_Match"
"71027","I-35, Story City, IA, ","No_Match"
"71269","I-84 & SR 79, Jerome, ID, ","No_Match"
"71024","US-34/US-67, Monmouth, IL, ","No_Match"
"71266","I-81, EXIT 30 & SR-70 , Mosheim, TN, ","No_Match"
"70179","I-49, EXIT 78 & SR-264, Lowell, AR, ","No_Match"
"71025","SR-57 & SR-32, New Holstein, WI, ","Tie"
"71267","US-131/SR-43, EXIT 44, Kalamazoo, MI, ","No_Match"
"70174","I-69, EXIT 176, Capac, MI, ","No_Match"
"71022","I-10, EXIT 628 & SR-80, Luling, TX, ","No_Match"
"71264","I-25/US-85 EXIT 220 & SR-500, Albuquerque, NM, ","No_Match"
"71023","SR-302 & CR-313, Kermit, TX, ","No_Match"
"71265","SR-39/SR-55, Richwood, WV, ","No_Match"
"70176","I-84, Boise, ID, ","No_Match"
"71020","SR-21 & CR-50, Caldwell, TX, ","No_Match"
"71262","I-70, EXIT 118 & SR-310, Etna, OH, ","No_Match"
"71021","I-39 & HWY 23, EXIT 54, Oglesby, IL, ","No_Match"
"71263","I-25, Exit 49, Walsenburg, CO, ","No_Match"
"70170","SR-3005, Elizabethtown, KY, ","No_Match"
"71260","US HWY 224 & OH 225, Diamond, OH, ","Tie"
"71261","I-94 EXIT 228, Roseville, MI, ","No_Match"
"70172","I-57 & SR-14, Benton, IL, ","No_Match"
"70171","US-151 & SR-26, Waupun, WI, ","No_Match"
"71039","SR-5, Newton Falls, OH, ","No_Match"
"70189","SR-3A, Hudson, NH, ","No_Match"
"71037","US-220 EXIT 111, Lock Haven, PA, ","No_Match"
"70188","I-44 (WESTBOUND), Vinita, OK, ","No_Match"
"71036","US-550, Montrose, CO, ","No_Match"
"70185","SR-302, Kermit, TX, ","No_Match"
"71033","I-580 & US-50, Carson City, NV, ","No_Match"
"71034","I-15 EXIT 57, Cedar City, UT, ","No_Match"
"70187","I-20 & SR-17, Pecos, TX, ","No_Match"
"71032","US-50 & US-95, Fallon, NV, ","No_Match"
"70181","US-501 & SR-78/CR-1303, Sanford, NC, ","No_Match"
"70180","SR-83, Bensenville, IL, ","No_Match"
"71030","I-10, EXIT 248 & SR-77, Marana, AZ, ","No_Match"
"70182","US-169, Blue Earth, MN, ","No_Match"
"71046","US-27/SR-126, Cincinnati, OH, ","No_Match"
"71047","I-17, EXIT 262 & SR-69, Mayer, AZ, ","No_Match"
"70192","I-49, EXIT 94 & SR-1, Boyce, LA, ","No_Match"
"70191","I-44, EXIT 5 & US-70, Randlett, OK, ","No_Match"
"70190","I-25 EXIT 191, Belen, NM, ","No_Match"
"71059","US-17 & SR-200, Yulee, FL, ","No_Match"
"71057","US-97/US-26 & HALL RD, Madras, OR, ","No_Match"
"71058","SR-19 & SR-21, New Prague, MN, ","No_Match"
"71053","I-57, EXIT 45 & SR-148, Marion, IL, ","No_Match"
"71051","I-83 EXIT 28, York, PA, ","No_Match"
"71066","I-75, EXIT 155, Macon, GA, ","No_Match"
"71067","I-385 EXIT 9, Laurens, SC, ","No_Match"
"71064","I-57 EXIT 212, Tuscola, IL, ","No_Match"
"71065","US-40 & SR-121, Roosevelt, UT, ","No_Match"
"71062","I-70, EXIT 56 & US-89, SALINA, UT, ","No_Match"
"71063","I-40, EXIT 153, Albuquerque, NM, ","No_Match"
"71060","I-77, EXIT 100 & SR-89, Mount Airy, NC, ","No_Match"
"71079","SR-375, El Paso, TX, ","No_Match"
"71077","US-10, Lake Park, MN, ","No_Match"
"71075","I-35, EXIT 277, Jarrell, TX, ","No_Match"
"71076","US-151, Marion, IA, ","No_Match"
"71073","I-57 EXIT 54B, Marion, IL, ","No_Match"
"71071","SR-35, Somerset, WI, ","No_Match"
"71072","I-75 EXIT 102, Cordele, GA, ","No_Match"
"70314","US-34, Lincoln, NE, ","No_Match"
"70556","US-23, Catlettsburg, KY, ","No_Match"
"70798","I-90, EXIT 171B & US-14, Janesville, WI, ","No_Match"
"70313","SR-143, EXIT 2, Phoenix, AZ, ","Tie"
"70555","I-40 EXIT 188, Kingston Springs, TN, ","No_Match"
"70797","I-35E, EXIT 442, Carrollton, TX, ","No_Match"
"70558","I-43, EXIT 25 & SR-67, Elkhorn, WI, ","No_Match"
"70557","I-44, EXIT 283 & US-69, Big Cabin, OK, ","No_Match"
"70310","US-2 & US-70, Lancaster, MA, ","No_Match"
"70552","US-2, Duluth, MN, ","No_Match"
"70551","SR-100 & SR-59, Milwaukee, WI, ","No_Match"
"70793","I-70, EXIT 160, Green River, UT, ","No_Match"
"70554","SR 302 & IC 200, Mentone, TX, ","No_Match"
"70796","I-35W, EXIT 56, Fort Worth, TX, ","No_Match"
"70311","SR-8, Adams, MA, ","No_Match"
"70553","US-59, Worthington, MN, ","No_Match"
"70790","I-70, EXIT 175, New Florence, MO, ","No_Match"
"70550","US-290, Giddings, TX, ","No_Match"
"70792","US-6/34 & CR-410, Cambridge, NE, ","No_Match"
"70791","I-40, EXIT 126, Holladay, TN, ","No_Match"
"70307","I-35, EXIT 159 & CR-1, Rush City, MN, ","No_Match"
"70306","US-6, Newton, IA, ","No_Match"
"70548","US-84, Muleshoe, TX, ","No_Match"
"70309","SR-18 & SR-128, Jal, NM, ","No_Match"
"70308","SR-32, Pulaski, WI, ","No_Match"
"70567","I-80/SR-46, Ledgewood, NJ, ","No_Match"
"70324","CR-17 & US-20, Goshen, IN, ","No_Match"
"70326","I-20, EXIT 79 & SR-464, Monahans, TX, ","No_Match"
"70321","SR-171 & SR-78, Brawley, CA, ","No_Match"
"70563","US-93 & CR-145, Willow Beach, AZ, ","No_Match"
"70562","I-65 & US-31, Portland, TN, ","No_Match"
"70323","I-74 EXIT 206, Oakwood, IL, ","No_Match"
"70565","SR-9/SR-4, Estherville, IA, ","No_Match"
"70322","SR 6, Greenville, ME, ","No_Match"
"70564","I-90/SR-2, EXIT 151, Avon, OH, ","No_Match"
"70561","I-20 & SR-302, Odessa, TX, ","No_Match"
"70560","I-8, EXIT 42, Tacna, AZ, ","No_Match"
"70559","HWY-23/ HWY-169, EXIT 23, Milaca, MN, ","No_Match"
"70319","I-76, EXIT 11 & SR-261, Wadsworth, OH, ","No_Match"
"70336","I-39,  EXIT 3 & SR-9, Roscoe, IL, ","No_Match"
"70578","I-90/US-14, EXIT 61, Rapid City, SD, ","No_Match"
"70335","HWY 43, Valleyview, AB, ","No_Match"
"70577","US-30, Crest Hill, IL, ","No_Match"
"70338","I-75, EXIT 90, Sidney, OH, ","No_Match"
"70337","I-10 EXIT 404 & SR-467, Sonora, TX, ","No_Match"
"70332","HWY 10 & HWY 9, Inglewood, ON, ","No_Match"
"70574","I-55, EXIT 109, Williamsville, IL, ","No_Match"
"70331","I-64, EXIT 21, Covington, VA, ","No_Match"
"70573","US-12, Prairie Du Sac, WI, ","No_Match"
"70576","I-94, EXIT 41 & SR-25, Menomonie, WI, ","No_Match"
"70333","I-80, EXIT 143 & CR-S14, Altoona, IA, ","No_Match"
"70575","SR 51, Mc Kees Rocks, PA, ","No_Match"
"70572","I-94, Saint Clair, MI, ","No_Match"
"70571","I-90, I-80 & SR-49, Edon, OH, ","No_Match"
"70329","US-14 & US-83, Pierre, SD, ","Tie"
"70328","US-12 & US-45, Franklin Park, IL, ","Tie"
"70104","I-76/US-6, EXIT 89, Brush, CO, ","No_Match"
"70346","SR-17 & US-20 EXIT 140, Webster City, IA, ","No_Match"
"70588","I-70 EXIT 49, Smithton, PA, ","No_Match"
"70349","SR-139 & SR-66, Kodak, TN, ","No_Match"
"70106","I-35, EXIT 308, Troy, TX, ","No_Match"
"70343","I-5, EXIT 208 & SR-530, Arlington, WA, ","No_Match"
"70585","US-385 & CR-1910, Andrews, TX, ","No_Match"
"70100","I-65, EXIT 158, Hope Hull, AL, ","No_Match"
"70342","I-294, EXIT 33 & SR-64, Melrose Park, IL, ","No_Match"
"70584","I-20, EXIT 136 & SR-349, Midland, TX, ","No_Match"
"70345","I-196, EXIT 52, Holland, MI, ","No_Match"
"70587","US-89, Gunnison, UT, ","No_Match"
"70344","US-169, Princeton, MN, ","No_Match"
"70586","I-80, Winnemucca, NV, ","No_Match"
"70581","SR-14 & I-59/20, EXIT 40, Eutaw, AL, ","No_Match"
"70580","I-90 EXIT 96 & SR-474, Missoula, MT, ","No_Match"
"70341","US-29, Reidsville, NC, ","No_Match"
"70583","US-60 & US-63, Willow Springs, MO, ","Tie"
"70340","SR-53 & SR-74, Joliet, IL, ","No_Match"
"70582","I-80 EXIT 301, Bettendorf, IA, ","No_Match"
"70339","HWY 3, Jaffray, BC, ","No_Match"
"70357","I-71, EXIT 104, Columbus, OH, ","No_Match"
"70599","US-278, Warrenton, GA, ","No_Match"
"71207","I-80, EXIT 148B & SR-43, Tinley Park, IL, ","No_Match"
"70118","US-41, Smyrna, TN, ","No_Match"
"70117","I-81, EXIT 16 & US-30, Saint Thomas, PA, ","No_Match"
"70359","I-15, EXIT 9   3, Littlefield, AZ, ","No_Match"
"70596","I-85 EXIT 137, Jefferson, GA, ","No_Match"
"71202","I-26, EXIT 154B & US-301, Orangeburg, SC, ","No_Match"
"70111","I-39, EXIT 126 & CR-V, De Forest, WI, ","No_Match"
"70353","US-62, US-81, SR-9, Chickasha, OK, ","No_Match"
"70595","I-74, EXIT 206, Oakwood, IL, ","No_Match"
"70598","US-78 & SR-175, Memphis, TN, ","No_Match"
"71200","I-80, EXIT 440 & SR-50, Omaha, NE, ","Tie"
"70597","SR-4 & US-25, Lexington, KY, ","Tie"
"71201","I-91 EXIT 33, Hartford, CT, ","No_Match"
"70350","CR-802, Brownsville, TX, ","No_Match"
"70592","I-20, EXIT 87, Elgin, SC, ","No_Match"
"70591","I-77, EXIT 101, Canton, OH, ","No_Match"
"70351","US-91, Franklin, ID, ","No_Match"
"70593","I-75/SR-401, Calhoun, GA, ","No_Match"
"70108","SR-50 & SR-83, Midlothian, IL, ","No_Match"
"70127","US-22, US-119, New Alexandria, PA, ","No_Match"
"71217","US-65, Bondurant, IA, ","No_Match"
"71218","US-65, Fair Grove, MO, ","No_Match"
"70128","I-40 E, EXIT 87, Jackson, TN, ","No_Match"
"71216","I-35, EXIT 102 & SR-210, Huxley, IA, ","No_Match"
"71213","US-62, Rogers, AR, ","No_Match"
"70122","SR-67, Decatur, AL, ","No_Match"
"71214","I-76, EXIT 22, Brighton, CO, ","No_Match"
"70125","I-76 EXIT 232, North Lima, OH, ","No_Match"
"71211","US-67, Jacksonville, AR, ","No_Match"
"70124","US-50/385, Lamar, CO, ","No_Match"
"70366","US-41, Escanaba, MI, ","No_Match"
"71212","BUS-71, Springdale, AR, ","No_Match"
"70361","US-89 & CR-122, Thayne, WY, ","No_Match"
"70360","I-84, EXIT 28, Caldwell, ID, ","No_Match"
"71210","I-820 & BUS-287, Fort Worth, TX, ","No_Match"
"71208","US-301 & SR-150, Richmond                                , VA, ","No_Match"
"71209","I-75, EXIT 285 & SR-52, San Antonio, FL, ","No_Match"
"71228","I-80, EXIT 279 & SR-10, Gibbon                                  , NE, ","No_Match"
"70137","I-83, EXIT 14 & SR-182, York, PA, ","No_Match"
"71229","I-90, EXIT 65 & SR-62, Palatine, IL, ","No_Match"
"71227","SR-16 & SR-1604, Von Ormy, TX, ","No_Match"
"70376","SR-183, Dallas, TX, ","No_Match"
"70375","US-81, Decatur, TX, ","No_Match"
"70136","CR-156, Fort Worth, TX, ","No_Match"
"70135","I-44, EXIT 130, Lebanon, MO, ","No_Match"
"70377","I-81 & SR-32, Morristown, TN, ","No_Match"
"71223","US-45 & SR-16, Scooba                                  , MS, ","No_Match"
"70130","SR-57, Wrightsville, GA, ","No_Match"
"70371","US-277, Haskell, TX, ","No_Match"
"71221","I-435 EXIT 55, Kansas City, MO, ","Tie"
"70374","I-72 & SR-121, Decatur, IL, ","No_Match"
"70131","SR-64, Lombard, IL, ","No_Match"
"70373","US-45 & SR-54, New London, WI, ","No_Match"
"71219","I-44, EXIT 156, Waynesville, MO, ","No_Match"
"71239","I-29, EXIT 84 & SR-118, Mound City, MO, ","No_Match"
"70145","US-26 & US-91, Idaho Falls, ID, ","No_Match"
"70144","I-49, EXIT 24 & SR-282, Alma, AR, ","No_Match"
"70389","SR-191, Midland, TX, ","No_Match"
"71233","I-35, EXIT 32, Encinal, TX, ","No_Match"
"70146","I-90, EXIT 291A, Spokane, WA, ","No_Match"
"70388","I-20, EXIT 80, Monahans, TX, ","No_Match"
"71234","I-610 & SR-47, Chalmette, LA, ","No_Match"
"70383","I-10 & SR-59, Loxley, AL, ","No_Match"
"70140","SR-7 & US-50, North Vernon, IN, ","No_Match"
"70143","I-94, HWY-24, EXIT 178, Clearwater, MN, ","No_Match"
"70385","US-70, Ardmore, OK, ","No_Match"
"70142","US-220, EXIT 118, Avis, PA, ","No_Match"
"71230","US-12 & SR-53, Lake Zurich, IL, ","No_Match"
"70380","I-85, EXIT 29, Charlotte, NC, ","No_Match"
